6 Female Super Bunkbed' in Beautiful Shared House,250000,2,3,https://a0.muscache.com/im/pictures/7841b4e8-eb84-4116-8e30-22519ac60057.jpg?aki_policy=large,3,6,1,0
★Big City View★MyeongDong Guest house,100000,2,1,https://a0.muscache.com/im/pictures/78c5d7d7-119f-44e5-8d28-2f49b0dd153d.jpg?aki_policy=large,3,2,2,0
[NEW]Free Pocket Wifi/Hongdae Station Area/弘大,500000,2,2,https://a0.muscache.com/im/pictures/653d6b09-e163-4f2e-a939-d9bbde45c2c3.jpg?aki_policy=large,1,1,1,0
홍대 중심에 위치한 감각적인 복층 스튜디오 #3,1500000,2,3,https://a0.muscache.com/im/pictures/b8cf8052-8b2f-40ab-bb5d-d8e7d2b569e7.jpg?aki_policy=large,1,3,1,0
NEW amazing rooftop apartment @ Hongdae!,700000,4,1,https://a0.muscache.com/im/pictures/b5e33eb7-b5f9-4ed5-825b-45acf81aac1e.jpg?aki_policy=large,2,3,2,1
[ Myeongdong] #003Jongno Nana'house,1700000,5,0,https://a0.muscache.com/im/pictures/f3fa96be-917f-4bd0-8b1a-90a60b030ef2.jpg?aki_policy=large,4,3,2,0
Close to hongdae and privacy 홍대가까운집,550000,1,3,https://a0.muscache.com/im/pictures/2b285203-fd55-43b5-93f4-1792f18433e4.jpg?aki_policy=large,5,1,2,2
H1] NEAR HONGDAE 초고층뷰 최고급 레지던스 HIGH-END RESIDENCE,950000,1,0,https://a0.muscache.com/im/pictures/2255f33b-6771-41f3-8a3e-9a4b5a44b22b.jpg?aki_policy=large,0,1,2,2
★망고타운★역에서 단 1분거리!퀸사이즈침대4개@클럽7분@파티투나잇,1950000,6,2,https://a0.muscache.com/im/pictures/19f9a1ad-d5bd-49f6-b44d-91720e507bf8.jpg?aki_policy=large,4,4,2,2
Frozen Cactus,1950000,2,1,https://a0.muscache.com/im/pictures/35069d4e-17be-4d51-934f-d5c98a79fc87.jpg?aki_policy=large,3,1,2,2
Gang-nam / City view / 24H guard.,150000,6,1,https://a0.muscache.com/im/pictures/4059e22e-d4e9-48ca-8647-146a3219a544.jpg?aki_policy=large,3,1,2,1
Lavi's House★30sec from the Gongdeok station,350000,1,1,https://a0.muscache.com/im/pictures/6b774f95-7900-4a66-abd9-636aa593c697.jpg?aki_policy=large,5,2,2,1
Moonhouse#501 *Near Hongdae*,150000,2,0,https://a0.muscache.com/im/pictures/1e9752c9-beb2-4158-a482-6b4ef761f19e.jpg?aki_policy=large,1,1,2,1
Ju's house#1. Hangang view house,250000,2,1,https://a0.muscache.com/im/pictures/62073973/bed2cc4c_original.jpg?aki_policy=large,3,2,1,0
[Myeongdong] Jongno Hans' house 8(Luggage Storage),100000,6,1,https://a0.muscache.com/im/pictures/6eb887c2-d7bf-4394-9633-614ae839450b.jpg?aki_policy=large,4,3,2,1
[Azit2] Rooftop house Mapo Hongdae/Sinchon/Itaewon,1200000,4,0,https://a0.muscache.com/im/pictures/8c229daa-c729-4226-b35d-8b6d0fc8e5e1.jpg?aki_policy=large,3,2,2,1
Itaewon?? Sunshine View,1300000,1,2,https://a0.muscache.com/im/pictures/937a3bcc-c1bb-49d7-b862-58fa515e63fc.jpg?aki_policy=large,5,5,2,2
[Sinchon / Hongdae] Private Double Room,300000,2,3,https://a0.muscache.com/im/pictures/1c0ae1be-8f0f-4fa9-bbe7-b4094c48cea1.jpg?aki_policy=large,0,1,2,2
"#1 Cozy Garden House, Gangnam, Shinsa, Samsung",100000,2,1,https://a0.muscache.com/im/pictures/3e6d3463-fb1b-4bef-9549-d0aaf730c973.jpg?aki_policy=large,0,1,2,0
"Jamsil ""Comestay"" TH - Double bedroom",1550000,5,0,https://a0.muscache.com/im/pictures/110168922/fdcd1e6f_original.jpg?aki_policy=large,1,1,2,1
[Myeong-dong] Modern house,250000,6,0,https://a0.muscache.com/im/pictures/219fc82e-417f-4dd5-b3e5-9046118c0af2.jpg?aki_policy=large,1,2,1,2
"house-★Open a Bargain Sale★ 1min(subway,bus)",1850000,2,3,https://a0.muscache.com/im/pictures/3928a460-8247-4ba2-a97c-bd07754744c2.jpg?aki_policy=large,3,1,1,1
[Sale]Subway 10sec Building@Hongdae Area Free wifi,350000,5,0,https://a0.muscache.com/im/pictures/8da496c3-97f7-4754-a4cc-2f2aa3d553cc.jpg?aki_policy=large,3,1,1,1
"(special offer) Cozy loft, 3 mins > subway",1700000,1,1,https://a0.muscache.com/im/pictures/cf526514-284b-4daa-a7b4-21c3e2fcf0b7.jpg?aki_policy=large,1,2,1,1
"Gangnam,Garosu-gil, JINJIN house (3min from Sinsa)",1900000,4,1,https://a0.muscache.com/im/pictures/98c2e017-6185-4712-ba69-326cce19e07b.jpg?aki_policy=large,4,1,1,0
#4 Connected to Mapo Stn./HAN River view/Hongdae,1350000,3,0,https://a0.muscache.com/im/pictures/9a30b084-8531-4536-9f06-91e335738b5e.jpg?aki_policy=large,0,2,1,2
#5 Connceted to Mapo Stn./HAN River View/Hongdae,1650000,6,0,https://a0.muscache.com/im/pictures/422b50f4-66c5-475e-8b51-86d9782cc112.jpg?aki_policy=large,0,1,2,0
(독채) 경복궁과 청와대 5분거리 리노베이션 한옥,1500000,1,0,https://a0.muscache.com/im/pictures/4230043/7e9a64d3_original.jpg?aki_policy=large,4,0,1,2
"Art House (Room 01)- 외국인전용, Only Female",650000,2,3,https://a0.muscache.com/im/pictures/cfe9eca5-0f1f-4bb9-bb50-0a4044a50e7c.jpg?aki_policy=large,5,1,1,2
Most Intimate Guest Room_#5mins from Hongdae stn.,1350000,1,1,https://a0.muscache.com/im/pictures/4a35ecfa-571f-4b2a-a81b-9896b56f42f3.jpg?aki_policy=large,4,2,1,1
#NAME?,1150000,3,2,https://a0.muscache.com/im/pictures/9a2769de-616e-43f2-8dd3-53ad06ab6acd.jpg?aki_policy=large,4,2,2,2
★Cozy & Clean★ 불광역 1분 거리에 위치!!,1350000,4,2,https://a0.muscache.com/im/pictures/6b233883-61f9-4c90-8d94-25f18b08f767.jpg?aki_policy=large,1,1,2,1
1★오즈의집★홍대입구3번출구 3분컷#연트롤파크30초컷#개인실#오픈세일+_+,750000,4,2,https://a0.muscache.com/im/pictures/65ac3cf3-2645-45ef-b95b-ff66f9b8809f.jpg?aki_policy=large,1,1,1,2
Cheap! Seoul Station Metro 4min. Clean&Cozy,850000,5,2,https://a0.muscache.com/im/pictures/dea9ae00-6d47-4019-91d3-674581e49df0.jpg?aki_policy=large,1,2,1,2
#NAME?,450000,1,2,https://a0.muscache.com/im/pictures/33123843/f413aa4f_original.jpg?aki_policy=large,1,1,1,2
[Sinchon / Hongdae]202> Unshared House_Terrace,150000,2,0,https://a0.muscache.com/im/pictures/b647f8d4-4c20-424d-bc6d-0a5653fa581d.jpg?aki_policy=large,5,3,2,0
Hongdae antique house. 3mins from AREX station.,1750000,3,2,https://a0.muscache.com/im/pictures/17848108-332a-4d48-8508-8f17050664f6.jpg?aki_policy=large,1,4,1,0
MyeongDong / Cozy & Large Guesthouse,1550000,4,0,https://a0.muscache.com/im/pictures/7357ee8a-a79b-4d4c-902b-05333bb6c70b.jpg?aki_policy=large,0,2,2,1
Like your home,1400000,6,3,https://a0.muscache.com/im/pictures/87cfaf07-7e87-4ba9-977a-04981853f382.jpg?aki_policy=large,5,1,1,1
CHAESONGHWA채송화/종로동대문,100000,4,1,https://a0.muscache.com/im/pictures/d2a5503b-548b-42d7-8584-a248d5e48797.jpg?aki_policy=large,0,2,1,0
서울역 복층 스튜디오(남산뷰),1650000,3,1,https://a0.muscache.com/im/pictures/0cff0566-5c78-4713-84dd-de1159ffc2a8.jpg?aki_policy=large,3,4,2,1
"JCNY SEOUL 178 B (Hong Dae, Gong Deok, Itaewon)",1450000,3,2,https://a0.muscache.com/im/pictures/2b897b93-2577-4be1-9093-3e8b5cd3be30.jpg?aki_policy=large,5,2,2,1
#03 ? 3min Seoul Stn ? Free Gym | Free Breakfast,1750000,3,0,https://a0.muscache.com/im/pictures/4cd08af6-b638-4c45-92b4-1958b9a89100.jpg?aki_policy=large,3,1,1,0
"[ENG, 中, 日] Connected Hongik Univ stn/Free WiFi",750000,6,2,https://a0.muscache.com/im/pictures/23a0f10b-334f-4a49-96fd-96a037098e6e.jpg?aki_policy=large,4,4,1,0
Rollin's Joint,1800000,3,0,https://a0.muscache.com/im/pictures/80a2eedb-6ba9-4e7b-bd9e-6cf6aa59c75a.jpg?aki_policy=large,3,1,2,1
[Free Pocket Wi-Fi] 벚꽃나무/함께 보는 풀 윈도우 한강뷰 + 넓은 스튜디오,800000,6,0,https://a0.muscache.com/im/pictures/dc53d9d5-7305-44ea-a334-be0262404313.jpg?aki_policy=large,1,2,2,2
On Sale in Oct! What a view!COEX [3BR+2Ba],1800000,6,3,https://a0.muscache.com/im/pictures/7a78b7b3-5da8-47f7-8b6e-8b864e566060.jpg?aki_policy=large,4,5,1,1
홍대입구역3번출구5분!4룸!복층 루프탑!,800000,1,0,https://a0.muscache.com/im/pictures/ec34caab-1413-427f-a50e-5ee01444a4cc.jpg?aki_policy=large,4,6,1,0
3★오즈의집★홍대입구3번출구 3분컷#연트롤파크30초컷#개인실#오픈세일+_+,1150000,5,3,https://a0.muscache.com/im/pictures/f69a648e-29b2-4f8d-aafa-4d61d5c076d7.jpg?aki_policy=large,1,1,1,1
CHECKINNPLZ -2f,1050000,3,0,https://a0.muscache.com/im/pictures/75748322-a82d-44af-9ccf-6e38849db7dc.jpg?aki_policy=large,5,1,2,1
"에이미하우스 Amyhouse (5min from Samgakji 4,6 subway St)",500000,3,2,https://a0.muscache.com/im/pictures/d3541514-e26f-47ae-9c95-10596c2cc358.jpg?aki_policy=large,4,1,2,0
GK's 1C9T Fantastic View & 8 sec to Gangnam Stn #1,1000000,1,0,https://a0.muscache.com/im/pictures/64ca0f63-3f35-4c79-b8dc-56385b40cc88.jpg?aki_policy=large,3,1,2,1
10mins to Gimpo airport by walk!/Gimpo Airport 1st,250000,4,2,https://a0.muscache.com/im/pictures/c9d85dbd-2c85-4045-9976-f03fcd728f3e.jpg?aki_policy=large,1,1,1,0
홍대입구역3번출구5분!3룸!,1500000,6,3,https://a0.muscache.com/im/pictures/f6bba417-26c7-43a8-aab4-a9504c2e5561.jpg?aki_policy=large,2,4,1,0
5minutes walk to subway / Cheap! Clean & Cozy,1350000,3,3,https://a0.muscache.com/im/pictures/ceee09db-9527-45ce-a550-df8ecc803754.jpg?aki_policy=large,3,1,2,0
ITAEWON 561,1600000,3,0,https://a0.muscache.com/im/pictures/8841f683-794a-4b55-9296-a88593fad02f.jpg?aki_policy=large,0,4,1,1
[Azit1] Private House Mapo Hongdae/Sinchon/Itaewon,650000,4,3,https://a0.muscache.com/im/pictures/74873d34-8956-428b-9c61-d5e6e3fea015.jpg?aki_policy=large,5,2,2,1
A12 Myeongdong Station 2min!! Cosy house [中文&Eng],500000,4,3,https://a0.muscache.com/im/pictures/43cc6adf-f0c5-49cd-adf9-9d6a6271e390.jpg?aki_policy=large,5,2,2,1
홍대입구역2번출구30초!고층 야경 굿!무료 와이파이~,1200000,5,1,https://a0.muscache.com/im/pictures/d05f0692-be19-4a2f-bf4c-2e8be7c053e7.jpg?aki_policy=large,4,3,2,0
[Seoul station] Cosy house,250000,6,1,https://a0.muscache.com/im/pictures/b6ac494f-2938-49fe-b2bb-abd4d3188f79.jpg?aki_policy=large,5,2,2,0
Banana homes - Single room(private bath),1250000,4,2,https://a0.muscache.com/im/pictures/65974815/f3da8745_original.jpg?aki_policy=large,3,1,2,2
Jolly's Unique Guest room #5min. from Hongdae Stn,1000000,6,1,https://a0.muscache.com/im/pictures/790fb371-dfed-4e7e-b4c7-f997260d5ad5.jpg?aki_policy=large,1,2,2,2
Bamboo House(이태원 대나무집) 서울야경 특별한 여행,1800000,6,3,https://a0.muscache.com/im/pictures/18a145ca-7e4b-4810-ba43-e7ef02aedd0b.jpg?aki_policy=large,5,2,1,2
풀잎룸/leaf of grass/명동 Namsan view/hyojung house,1800000,1,0,https://a0.muscache.com/im/pictures/8fdcf5c3-63de-4968-9813-43d67b9c8058.jpg?aki_policy=large,3,1,2,2
"홍대/신촌 최신 복층아파트, 스타일러까지 풀옵션",1650000,4,0,https://a0.muscache.com/im/pictures/a54c321c-d8e7-408b-8074-efaafa1268c6.jpg?aki_policy=large,2,1,2,0
(NEW) 홍대 중심에 위치한 감각적인 복층 스튜디오,1300000,1,0,https://a0.muscache.com/im/pictures/27674367-2787-4b6a-a9de-94944102a263.jpg?aki_policy=large,1,2,2,0
"#3 Cozy Garden House, Gangnam, Shinsa, Samsung",300000,1,1,https://a0.muscache.com/im/pictures/d4bb6584-19e8-48b5-bb0d-4e087a6fd4f2.jpg?aki_policy=large,1,1,1,1
[파격가] 명동/남대문 5분 더블룸+화장실+WiFi 10,450000,3,2,https://a0.muscache.com/im/pictures/e32eb0e7-a8eb-452c-988e-308bd0e67823.jpg?aki_policy=large,5,1,2,2
명동.남산이 보이는집.도심속팬션!!루프탑이용 hyojung house,1750000,2,0,https://a0.muscache.com/im/pictures/c2a18307-085a-4974-8b7c-d4e4f711a479.jpg?aki_policy=large,4,2,1,0
Chris Hostel 105,600000,1,0,https://a0.muscache.com/im/pictures/4af4269d-f59d-4d04-9be3-41d1a3d48ba7.jpg?aki_policy=large,4,1,2,1
Hongdae 3min *Lovely Private Room*,650000,1,0,https://a0.muscache.com/im/pictures/c6544346-be94-4971-8f6a-3ce4434e220e.jpg?aki_policy=large,4,1,2,0
Black and White,1500000,6,0,https://a0.muscache.com/im/pictures/cd6aa55e-1af7-450d-8975-bec51aa6b93e.jpg?aki_policy=large,4,1,2,2
Friends House R3,950000,6,1,https://a0.muscache.com/im/pictures/97964392/7eb269ee_original.jpg?aki_policy=large,2,3,1,2
MYEONG DONG best LOCATION for 2P@51,1750000,5,2,https://a0.muscache.com/im/pictures/0e87d4aa-cfb6-4023-897f-8b7bb5bfed1d.jpg?aki_policy=large,0,1,1,0
1_First Floor_ Dongdaemun__DDP_DOOTA_APM_LOTTE FIT,1300000,5,1,https://a0.muscache.com/im/pictures/76a6b8cc-8912-46aa-a4bd-522a2ea048c7.jpg?aki_policy=large,4,1,1,0
Cozy and lovely @ Central Seoul,1550000,3,3,https://a0.muscache.com/im/pictures/8dacae53-fc4a-4ce1-ad64-66f6d8da34c4.jpg?aki_policy=large,5,1,1,2
B&R HOUSE #2/Hongik Univ(Hongdae)/82Sqm/3room/1min,1550000,6,1,https://a0.muscache.com/im/pictures/21cf2334-31a5-4cfd-8bb5-8eb146039015.jpg?aki_policy=large,2,5,2,2
[ Myeongdong] #006Jongno Nana'house,900000,4,1,https://a0.muscache.com/im/pictures/17180c87-d74a-439b-833f-8f40d5278759.jpg?aki_policy=large,5,1,1,2
Kevin's home 3 (For one person.),550000,5,1,https://a0.muscache.com/im/pictures/2afd6b49-159e-436b-893d-498bcaa4350e.jpg?aki_policy=large,2,1,2,2
Moonhouse#301 *Near Hongik Univ.*,1900000,4,0,https://a0.muscache.com/im/pictures/8d160f86-495d-4e40-8c9f-8f18b32f811c.jpg?aki_policy=large,5,1,1,2
★Directly Connected to Station ☆,100000,3,0,https://a0.muscache.com/im/pictures/4d358b28-41ad-465a-aaa6-cab59a62a6d3.jpg?aki_policy=large,4,1,1,1
1. Connceted to Mapo Stn./HAN River View/Hongdae,1100000,1,1,https://a0.muscache.com/im/pictures/445849f7-ec71-4a98-9c8f-3343637c4bce.jpg?aki_policy=large,3,1,1,1
Jin Jin House,500000,2,2,https://a0.muscache.com/im/pictures/8622fd11-6be6-4d55-b492-dbcf81b916ef.jpg?aki_policy=large,4,1,1,0
홍대입구역2번출구3분!2룸!,1650000,3,3,https://a0.muscache.com/im/pictures/a6572d1b-e37f-4728-9cdd-0e1f9b11c8e5.jpg?aki_policy=large,4,3,1,1
[Myeong-dong] Pink House (new open discount),1300000,6,3,https://a0.muscache.com/im/pictures/22447cfd-d6d7-409d-8732-e7de62101841.jpg?aki_policy=large,5,2,2,0
NEW1♥[Open SALE]HONGDAE MIRACLE HOUSE♡BEST LOCTION,1950000,4,2,https://a0.muscache.com/im/pictures/4951b4c0-45f2-4045-9b75-e9f738bffc55.jpg?aki_policy=large,4,1,1,0
서울 친구의 집 (a friend's house in Seoul.),1350000,3,0,https://a0.muscache.com/im/pictures/a7834d55-94f7-48b2-a960-6ffe2359ea2c.jpg?aki_policy=large,0,2,2,0
Hanoque Bukchon 하노크 북촌,300000,5,1,https://a0.muscache.com/im/pictures/80edc6ab-53d2-4683-a6b5-a48a303c7e23.jpg?aki_policy=large,4,3,2,2
#홍대입구역#hot location/ egg Free [J201],1150000,3,2,https://a0.muscache.com/im/pictures/46888d59-8ec4-4660-90ca-bcc0140d0ca4.jpg?aki_policy=large,4,1,1,0
[Sale]Subway 10sec Building Hongdae Area Free Wifi,1200000,5,3,https://a0.muscache.com/im/pictures/be413eb1-d659-4d14-bc38-f0a8e7b75ae1.jpg?aki_policy=large,4,2,1,1
[3 min. Hongik s.t. / Open sale] Beautiful room,1950000,5,1,https://a0.muscache.com/im/pictures/ed76e100-7f14-4b10-b546-f073ffa5858c.jpg?aki_policy=large,0,1,1,2
Bambi's Unique Guest room #5min. from Hongdae Stn,1200000,2,0,https://a0.muscache.com/im/pictures/bbf680f5-a930-4d52-96af-8420940aa34c.jpg?aki_policy=large,4,2,1,0
Skyscraper#1. 0min to dongmyo Sub. Dongdaemun Area,1800000,4,0,https://a0.muscache.com/im/pictures/b8bae21f-9333-46ef-aa32-b28606d14e90.jpg?aki_policy=large,2,3,1,1
상수역 5분거리의 차분한 공간,1750000,3,2,https://a0.muscache.com/im/pictures/e32ac22d-9e9e-4088-a521-78fb1b380d9e.jpg?aki_policy=large,3,3,2,0
High Ceiling White House /Yeonnam-dong,1800000,5,3,https://a0.muscache.com/im/pictures/29e05020-1a7c-4690-b10a-5adb611c2593.jpg?aki_policy=large,2,2,1,2
"STUDIO, Gangnam #1 SUPER CLEAN OPEN SALE 집전체 大きな割引",550000,2,0,https://a0.muscache.com/im/pictures/99acbd68-e05d-4047-85bd-6162c9c73c43.jpg?aki_policy=large,2,1,2,2
★3 서울역 환상적인 전망 29층의 카페라운지 헬스 커피 무료,1100000,1,3,https://a0.muscache.com/im/pictures/fb8d400a-0c81-463f-b873-ec29efc62dc8.jpg?aki_policy=large,3,2,1,2
Moonhouse #303 *Near Hongdae*,1800000,3,3,https://a0.muscache.com/im/pictures/b174fc85-4679-46a8-b296-5b070f7e08bc.jpg?aki_policy=large,4,1,2,2
#HP's Cozy HOUSE #River view #Hongdae # Yeouido,1800000,6,3,https://a0.muscache.com/im/pictures/8c91f4e9-9d1f-4112-a77c-4d189cf66178.jpg?aki_policy=large,3,2,1,2
(NEW) 홍대 중심에 위치한 감각적인 복층 스튜디오 #4,1800000,5,1,https://a0.muscache.com/im/pictures/a7f07e36-bfdb-4061-8181-2c2b0a1bd846.jpg?aki_policy=large,5,3,2,1
** A Cozy Private Studio for Friends or Couples **,850000,3,1,https://a0.muscache.com/im/pictures/c60d8e2d-77c2-4841-a61f-324459ebcfa6.jpg?aki_policy=large,5,2,2,0
[SALE] 연남동/ 홍대미대생의 방 / artist house2,1450000,6,1,https://a0.muscache.com/im/pictures/47fbc8ff-84f5-48ec-a471-ea94e1a095c6.jpg?aki_policy=large,4,3,2,0
홍대 중심에 위치한 감각적인 복층 스튜디오 #3,950000,6,0,https://a0.muscache.com/im/pictures/1c0662a2-6fa9-4cb1-a578-3dcb7d892cd2.jpg?aki_policy=large,2,3,2,0
dmyk-oblong,550000,5,1,https://a0.muscache.com/im/pictures/3dfeacd4-bea8-4c2e-820f-bf61f8053323.jpg?aki_policy=large,5,1,2,0
Private twin room (bunk bed),1900000,2,0,https://a0.muscache.com/im/pictures/82480347/d8b350bb_original.jpg?aki_policy=large,3,2,1,0
"Han river view / near by hong dae, myung dong",400000,6,1,https://a0.muscache.com/im/pictures/9394915f-a698-4823-b61e-f2cebd2e9672.jpg?aki_policy=large,5,1,2,0
"옥탑방의 아늑함과 도심 속 테라스, 신식 건물의 쾌적함까지!",1450000,1,2,https://a0.muscache.com/im/pictures/dc0edd62-1141-4ff4-b211-f7e02e9b41d8.jpg?aki_policy=large,3,1,1,1
New listing: Small sanctuary in Guro.,500000,4,0,https://a0.muscache.com/im/pictures/47a1f694-39b1-4ba9-b3fa-4641d43d2b7f.jpg?aki_policy=large,2,2,2,1
"Near airport,hongdae(홍대),han river",1800000,6,3,https://a0.muscache.com/im/pictures/be3961f1-9025-4848-ad49-a8f74fc39fcc.jpg?aki_policy=large,5,2,2,1
FreeWifi_[Planterior House1]_홍대역 도보 3분,550000,1,0,https://a0.muscache.com/im/pictures/625bc915-5fbc-47fd-bc58-6406dfadd20c.jpg?aki_policy=large,4,3,2,2
서울 도심속 옥탑방의 추억 Downtown Seoul Rooftop Room,1400000,2,1,https://a0.muscache.com/im/pictures/4def9cd1-f7bc-4cb8-b0cf-eb600f938d2d.jpg?aki_policy=large,1,1,1,0
#Exit No3.(????)10sec. Hongdae Stn.,1250000,4,3,https://a0.muscache.com/im/pictures/99a015e4-656c-4784-a75d-9c44f7c2d46e.jpg?aki_policy=large,4,2,1,2
7★오즈의집★홍대입구3번출구 3분컷#연트롤파크30초컷#개인실#오픈세일+_+,1000000,4,0,https://a0.muscache.com/im/pictures/14a1f44a-980a-479a-a0fb-44ad55a51074.jpg?aki_policy=large,3,1,2,1
Gangnam stn New Clean & Comfort Apartment,1700000,6,2,https://a0.muscache.com/im/pictures/773073e9-6f9c-42d1-b635-eed824b66e55.jpg?aki_policy=large,3,3,2,2
"Private room&bath, Next to St. Market #504",1450000,4,1,https://a0.muscache.com/im/pictures/f6c007a3-ceba-4d8c-9bc6-661bf776420d.jpg?aki_policy=large,5,1,1,0
Love&Healing,200000,4,3,https://a0.muscache.com/im/pictures/cac8f489-13e2-41ec-9793-42deae00d86c.jpg?aki_policy=large,3,1,2,0
빈방 3호점 _Itaewon station in 5mn,200000,4,1,https://a0.muscache.com/im/pictures/92942ec0-003b-40cb-8424-4952c40aaff4.jpg?aki_policy=large,3,1,2,2
Cuty Room near Yeonnampark,600000,6,2,https://a0.muscache.com/im/pictures/a1782b6d-06c7-4c4a-a482-b7a1873a3594.jpg?aki_policy=large,5,1,1,0
[ Myeongdong] #002 Jongno Nana'house,1550000,2,2,https://a0.muscache.com/im/pictures/b5c2901d-85c4-4a18-81c9-ef3d83fdd538.jpg?aki_policy=large,4,1,1,0
K House #GN1: Near GangNam / Big / Quiet / Clean,500000,4,2,https://a0.muscache.com/im/pictures/34cfe71b-714a-454d-9a33-e57df0ddeb6f.jpg?aki_policy=large,0,1,2,2
A24 Myeongdong Best Location!! MRT 2min [中文&Eng],1250000,6,2,https://a0.muscache.com/im/pictures/c81afaa7-a90d-4b0c-98eb-26a954ed5c59.jpg?aki_policy=large,0,1,1,1
[Kwon's House]Best Place Hongik Univ stn/Free WiFi,1250000,5,3,https://a0.muscache.com/im/pictures/a26448d3-c96e-4055-b5da-c2e8d314625a.jpg?aki_policy=large,0,3,2,2
Nearby Private Guesthouse in Jamsil,600000,4,0,https://a0.muscache.com/im/pictures/53152561/ca640f31_original.jpg?aki_policy=large,2,3,2,0
FreeWifi_[Planterior House3]_도보 3분,1250000,2,0,https://a0.muscache.com/im/pictures/18e06184-fca6-41aa-85e4-b3d8486a76d0.jpg?aki_policy=large,5,3,1,2
빈방 1호점 _Itaewon station in 5mns,1000000,4,3,https://a0.muscache.com/im/pictures/2183d1c3-2732-4269-9c76-0496c6fbfcc5.jpg?aki_policy=large,2,1,2,0
♥ Sinchon Genie House♥#104_Homestay&Guest house,1500000,4,0,https://a0.muscache.com/im/pictures/c9a5e92e-c18b-44a8-bdf0-4c7d49f773fb.jpg?aki_policy=large,5,1,1,1
2Rooms!_[Planterior House4]_도보 3분,700000,6,2,https://a0.muscache.com/im/pictures/98f1bfc3-759c-4e0d-9f2a-1f811fa3a25b.jpg?aki_policy=large,1,3,2,1
[Free Pocket Wi-Fi] 별이 빛나는 밤_최고의 한강뷰와 함께 힐링하세요 :),1050000,6,3,https://a0.muscache.com/im/pictures/7ee11820-01f6-489d-ba66-9a050e51f310.jpg?aki_policy=large,5,2,2,1
"남영역 5분, 26평, 방 세개 화장실 두개, 넓은집",1300000,2,1,https://a0.muscache.com/im/pictures/8dfe225a-ce9c-44cf-b89e-788bcdf22ed3.jpg?aki_policy=large,0,7,2,0
편안한 New J-house★강남역1분거리NEW OPEN![A1],1750000,3,1,https://a0.muscache.com/im/pictures/d7760c55-8380-48cc-ac7e-6acdb013498d.jpg?aki_policy=large,2,1,2,0
★Big City View☆ MyeongDong Guest house,1000000,1,3,https://a0.muscache.com/im/pictures/f89b9633-6558-4c33-badd-7916090e915b.jpg?aki_policy=large,1,2,2,1
1#Jade House-Hongik Station Exit no.6 walk 4-5min,750000,3,1,https://a0.muscache.com/im/pictures/59bf65dd-936c-4cba-959a-14629a9afd35.jpg?aki_policy=large,1,2,1,2
#Lee's house [Hongdae station 5min] 弘大 #Opensale,450000,6,2,https://a0.muscache.com/im/pictures/3141a460-dd88-4277-b2a7-615492f3a925.jpg?aki_policy=large,5,2,1,0
BBA DAE,400000,2,1,https://a0.muscache.com/im/pictures/1d178c22-abc9-4ff6-843f-38b6f7828507.jpg?aki_policy=large,4,2,2,2
We say so clean & big & luxury room,1400000,5,2,https://a0.muscache.com/im/pictures/cc3a4a8b-21f8-439f-91a5-75f9db050d6f.jpg?aki_policy=large,5,1,2,0
202 Cheap yet comfy stay in Seoul,350000,3,3,https://a0.muscache.com/im/pictures/86580024/b06b868f_original.jpg?aki_policy=large,5,1,2,2
Itaewon ?? Rooftop N-Tower View,1200000,5,3,https://a0.muscache.com/im/pictures/304086af-6e4a-47db-80ac-aebba53b062d.jpg?aki_policy=large,0,2,1,1
"2-Room Spacious Apt, Great Location",1550000,3,1,https://a0.muscache.com/im/pictures/66828559/ca5ee9a5_original.jpg?aki_policy=large,4,2,2,2
?野/弘大/2??/打???/全新智能型loft公寓/屋?花?/local??/交通便利,100000,2,0,https://a0.muscache.com/im/pictures/fd2f910c-1a86-4735-b103-29b8fd6361d3.jpg?aki_policy=large,4,1,2,2
14#연인에게 한강을 선물하세요~#압도적 한강정면뷰#서울1등뷰보면 깜짝 놀람#역도보5분#3,1000000,1,0,https://a0.muscache.com/im/pictures/b055841b-d101-485f-877b-77767a6f6353.jpg?aki_policy=large,5,3,1,0
[ Myeongdong] #001Jongno Nana'house,1950000,1,0,https://a0.muscache.com/im/pictures/66761b62-93c7-4d1a-bf40-1e34eaf576a6.jpg?aki_policy=large,5,4,1,2
홍대입구역3번출구3분!,950000,5,0,https://a0.muscache.com/im/pictures/df4cb209-4172-43a0-b9f0-5e3664892207.jpg?aki_policy=large,0,1,2,0
MYEONG-DONG Studio # 7,1000000,4,2,https://a0.muscache.com/im/pictures/a6b94405-f9c2-4eb4-977e-1c2a8f3856f3.jpg?aki_policy=large,3,2,2,2
[Myeong-dong] Line friends house,550000,6,0,https://a0.muscache.com/im/pictures/f9d3682c-2603-4b72-9182-fd46ca8741c3.jpg?aki_policy=large,5,3,2,2
홍대입구역 8번출구 걸어서 2분거리! 엄청가깝고 아늑한방!#2,1650000,4,0,https://a0.muscache.com/im/pictures/ad7fa02b-3760-49ef-9eba-435188cef517.jpg?aki_policy=large,2,2,1,1
[BUTLER:LEE HONGDAE - Women Only] COMFY,1450000,6,3,https://a0.muscache.com/im/pictures/4f1bd3da-6aa5-4919-9d7c-9e85baef33a1.jpg?aki_policy=large,1,1,2,0
홍대 복층 펜트하우스 (가든뷰),1350000,5,2,https://a0.muscache.com/im/pictures/58b10245-061d-4927-91b7-f9e72d84abb7.jpg?aki_policy=large,1,4,2,0
[Modern Flat] 3 mins subway/airport bus,1650000,1,0,https://a0.muscache.com/im/pictures/34767603/69af0a2a_original.jpg?aki_policy=large,5,2,2,1
[Opening sale] Perfect Location!,250000,4,1,https://a0.muscache.com/im/pictures/37d46fe7-bb3b-43eb-bba2-04b76f8b821c.jpg?aki_policy=large,5,1,2,0
[홍대입구역 초역세권 / 홍대 중심 ] 신축! 아주 깔끔!!!,700000,3,3,https://a0.muscache.com/im/pictures/505cfaa7-0baa-4a25-847b-adc48782fbaa.jpg?aki_policy=large,5,1,2,2
B&R HOUSE #1/Hongik Univ(Hongdae)/3room/3min/66sqm,1150000,3,1,https://a0.muscache.com/im/pictures/c1b91742-576a-44f0-8333-2b620d199765.jpg?aki_policy=large,5,5,2,1
[특가] 한강전망 복층 아파트,1500000,3,3,https://a0.muscache.com/im/pictures/c36ab10d-00ff-4332-b0cc-5034399d24a5.jpg?aki_policy=large,5,4,2,0
Itaewon??Luxury Vintage Sunshine House,1350000,1,2,https://a0.muscache.com/im/pictures/4a8ff376-1b48-4667-8981-130615728a54.jpg?aki_policy=large,3,3,1,1
[#A SoDam] 2min Sinchon. 1stop Hongdae. Free wifi,1600000,3,1,https://a0.muscache.com/im/pictures/268f8188-be65-4e52-879b-8b362216ce5c.jpg?aki_policy=large,5,1,1,1
+Sale+ 4min to Myeongdong by subway,1000000,1,0,https://a0.muscache.com/im/pictures/35155093/f6657291_original.jpg?aki_policy=large,2,1,2,2
[Free Pocket Wi-Fi] 도심 속 그레이&화이트 톤의 한강뷰 힐링 스튜디오 :),250000,1,1,https://a0.muscache.com/im/pictures/85128a09-ad22-4e76-ac2a-0a903f14a115.jpg?aki_policy=large,1,2,1,1
[파티/모임] Dugout _ Cozy Private house @Hongdae,900000,5,2,https://a0.muscache.com/im/pictures/d9326940-eba9-492d-a2ce-1227010baf46.jpg?aki_policy=large,3,2,2,1
Duplex studio Itaewon@Hongdae,250000,5,3,https://a0.muscache.com/im/pictures/95155421/be2202ca_original.jpg?aki_policy=large,2,2,2,0
"dmyk_""Trapezoid""",200000,2,0,https://a0.muscache.com/im/pictures/cd48f6bd-42e8-4353-9c6a-36e19c56b667.jpg?aki_policy=large,1,1,2,1
明洞 Myeong Dong - N Seoul Tower View !,1250000,4,1,https://a0.muscache.com/im/pictures/bc594796-0b8a-4fd9-bcd6-b76a55499d49.jpg?aki_policy=large,2,2,1,1
+루프탑테라피2+ 120인치 movie & party,350000,5,0,https://a0.muscache.com/im/pictures/2f113725-cba6-4230-af14-2ed20f18aeec.jpg?aki_policy=large,1,1,2,0
Love Cozy Room Hong ik station exit 6. walk2min,1950000,3,1,https://a0.muscache.com/im/pictures/5fd6802e-ff38-4bd4-aeb1-f0088217a2ec.jpg?aki_policy=large,4,1,2,1
明洞 Myeong Dong - N Seoul Tower View !,1350000,4,2,https://a0.muscache.com/im/pictures/bc594796-0b8a-4fd9-bcd6-b76a55499d49.jpg?aki_policy=large,2,2,2,1
+루프탑테라피2+ 120인치 movie & party,250000,6,3,https://a0.muscache.com/im/pictures/2f113725-cba6-4230-af14-2ed20f18aeec.jpg?aki_policy=large,0,1,1,2
[COZY HOME #1] Amazing View! 1Min Sub. NearHongdae,1000000,3,1,https://a0.muscache.com/im/pictures/e378ad2f-a665-47f7-8c57-f0c35eb1ad4e.jpg?aki_policy=large,2,1,2,0
Welcome to cozy room.,1850000,6,2,https://a0.muscache.com/im/pictures/1a54a7a3-0856-4a3f-b7e2-af42c90eebec.jpg?aki_policy=large,0,1,2,0
KYB House #1-2 Single Bedroom.,700000,4,1,https://a0.muscache.com/im/pictures/74d08453-6958-4a32-bd40-ff9a503bc7a3.jpg?aki_policy=large,0,1,1,0
"Nusang studio(누상스튜디오,서촌,경복궁)",800000,1,2,https://a0.muscache.com/im/pictures/481a70e5-74d1-430f-bddc-4b57fe72cab3.jpg?aki_policy=large,4,1,1,0
②♥PERFECT♥HongDae.Stn10sec♥AmazingView♥FreeEggWiFi,850000,1,0,https://a0.muscache.com/im/pictures/c3fc0c18-fbc8-4681-8d68-a1276e39f696.jpg?aki_policy=large,3,3,1,2
"<매직카펫스테이> 마포역1분, 공덕역5분, 고층시티뷰, 서울중심, 로컬노포맛집",150000,4,0,https://a0.muscache.com/im/pictures/69132ad8-a5c9-4cd8-9a6c-6a5acdc46fa2.jpg?aki_policy=large,4,1,2,0
Han's house,700000,1,3,https://a0.muscache.com/im/pictures/b093a69a-b4cd-487a-9bf5-4510e7bb569b.jpg?aki_policy=large,0,1,2,0
Mangwon Hanriver Hongdae Vintage house 103,550000,1,0,https://a0.muscache.com/im/pictures/84f35350-3077-43a7-86df-84c54ab10c78.jpg?aki_policy=large,1,1,1,1
Micasa@Seoul: Home away from home,550000,3,1,https://a0.muscache.com/im/pictures/6298f023-c855-4284-b6e0-c009ac0aad4a.jpg?aki_policy=large,2,3,2,0
Dongdaemun DW (free egg wifi+T-money),1050000,6,0,https://a0.muscache.com/im/pictures/87567589/08f1a21a_original.jpg?aki_policy=large,3,1,2,0
★ New Studio [강남역 1번출구 도보10초],1200000,2,2,https://a0.muscache.com/im/pictures/e44a17e0-bcb1-43a2-a7f8-81f061ffc461.jpg?aki_policy=large,0,1,2,2
[Myeongdong] #06Jongno Hans' house(LuggageStorage),500000,1,1,https://a0.muscache.com/im/pictures/d21f8a65-694d-4589-96c2-169856fe9e2f.jpg?aki_policy=large,3,3,2,2
Dongdaemun area. clean and safe.,1250000,6,3,https://a0.muscache.com/im/pictures/6f1ba729-77ac-4b7a-bdc9-eb4222237ade.jpg?aki_policy=large,4,2,1,2
[Open Sale]#UK's HOUSE #Hangang view #Mapo Stn.,650000,1,1,https://a0.muscache.com/im/pictures/f6bc28d2-98a5-4cfc-b07e-9880d59bf7c3.jpg?aki_policy=large,4,2,2,0
Cozy house with an awesome Rooftop!,250000,1,2,https://a0.muscache.com/im/pictures/fda50980-d56c-4b1a-aaac-915cad448667.jpg?aki_policy=large,0,3,1,1
Modern Pink House 2min Hongik STN (whole house),600000,6,0,https://a0.muscache.com/im/pictures/a51d5e41-99fc-4671-9e98-afb9afca0b29.jpg?aki_policy=large,4,1,2,2
??/弘大/地?站2??/打???/全新智能型loft公寓/屋?花?/local??/交通便利,250000,3,3,https://a0.muscache.com/im/pictures/791f20cb-5116-42b8-b343-f5f684babb04.jpg?aki_policy=large,0,1,1,0
★불광역에서 1분 거리에 위치한 깔끔한 숙소★,1900000,6,0,https://a0.muscache.com/im/pictures/505f0714-a8a3-4e79-87af-7c7d0bb92417.jpg?aki_policy=large,3,1,1,0
COZY PRIVATE ROOM !! HONEY HOUSE 1,550000,6,1,https://a0.muscache.com/im/pictures/4a2eb1a4-d881-4211-b032-544ea28215a4.jpg?aki_policy=large,4,1,2,0
Elegant Room by Yeonnampark!,500000,6,3,https://a0.muscache.com/im/pictures/f2247043-9a8c-4d18-bf51-f13e49ed2b9f.jpg?aki_policy=large,1,2,2,0
#1 Hongdae Amy house (2 Rooms),950000,4,2,https://a0.muscache.com/im/pictures/00e81474-6951-47be-823e-c2f9a5af92d8.jpg?aki_policy=large,3,3,1,0
[Hongdae #1]Best house in Seoul,250000,3,2,https://a0.muscache.com/im/pictures/412852d0-9f88-4dcb-988c-6360e34f6602.jpg?aki_policy=large,4,3,1,1
Chris Hostel 106,1150000,5,3,https://a0.muscache.com/im/pictures/02465fe8-4fde-45b1-a995-271a948b109d.jpg?aki_policy=large,1,1,1,2
2. Connceted to Mapo Stn./HAN River View/Hongdae,1050000,1,2,https://a0.muscache.com/im/pictures/edc3c792-bf9a-4950-9dfa-5d3ae4166920.jpg?aki_policy=large,4,1,1,0
MYEONG-DONG Studio # 5,1100000,1,1,https://a0.muscache.com/im/pictures/105842937/f91a8fca_original.jpg?aki_policy=large,5,2,1,1
dmyk,850000,4,3,https://a0.muscache.com/im/pictures/2ab5a592-e6c1-489d-962f-2aa840ead217.jpg?aki_policy=large,5,3,2,0
(FreeBreakfast)서울에서 조식이 가장 맛있는 이태원 게스트하우스DoubleBed,450000,4,2,https://a0.muscache.com/im/pictures/020bc290-c54d-41ad-8b8f-c3b379782df4.jpg?aki_policy=large,5,1,1,2
Sky View & Urban 강남역 1분거리! 스튜디오,1400000,3,0,https://a0.muscache.com/im/pictures/d8bd1826-473f-45df-a109-8e4e4992b681.jpg?aki_policy=large,0,1,1,2
#1 Elly's HOUSE #Private room #only female room,350000,5,2,https://a0.muscache.com/im/pictures/09c7a755-8197-4af5-9cbc-c2caf75cf7ae.jpg?aki_policy=large,0,1,2,2
[Myeong-dong] Mono House (new open discount),800000,4,0,https://a0.muscache.com/im/pictures/0b89fa91-9fa7-4976-9ad6-fbb28a4c90df.jpg?aki_policy=large,1,2,1,2
"신림역, 서울대 근처 아늑한 개인실3",850000,3,3,https://a0.muscache.com/im/pictures/c9b19761-8122-4862-8992-6c8938591c1d.jpg?aki_policy=large,0,1,1,1
H2] NEAR HONGDAE 초고층뷰 최고급 레지던스 HIGH-END RESIDENCE,1600000,3,0,https://a0.muscache.com/im/pictures/5bea5784-907d-42ad-8444-ea769df33492.jpg?aki_policy=large,1,1,1,1
홍대입구역2번출구3분!2룸!넓은 거실!,1900000,2,2,https://a0.muscache.com/im/pictures/b82f2c28-428c-4fa9-ba66-d12ce9347ce4.jpg?aki_policy=large,3,3,1,2
"Get 10% Off, Modern | Sinsa Garosu-gil in Gangnam.",1250000,6,3,https://a0.muscache.com/im/pictures/7f55625c-0be0-4c81-a3c0-35fa65ab318e.jpg?aki_policy=large,4,1,2,1
Modern house No.203 (new open),1050000,6,0,https://a0.muscache.com/im/pictures/1ef3d773-e1f7-439a-b7da-29991b90fc0d.jpg?aki_policy=large,2,1,2,0
콜마이홈 이태원동,1150000,3,1,https://a0.muscache.com/im/pictures/cbc7b8fd-5d00-458d-b712-6255242c3203.jpg?aki_policy=large,0,1,1,2
MyeongDong ★ Comfy / WiFi Egg ★ Guest house,450000,3,3,https://a0.muscache.com/im/pictures/d77cac69-98e7-407d-bb8f-422caa2b4c80.jpg?aki_policy=large,4,2,1,0
[Myeongdong] Jongno Hans' house 3(Luggage Storage),1500000,1,0,https://a0.muscache.com/im/pictures/ace73cd9-98db-438a-af88-dc387fb2877e.jpg?aki_policy=large,5,4,2,1
[Myeongdong] Jongno Hans' house 5(Luggage storage),1000000,5,0,https://a0.muscache.com/im/pictures/f2447879-21d8-47a5-9346-2cc3dd400c9b.jpg?aki_policy=large,0,3,1,0
"Private Single at ""NamsanGil House""(明洞/MyeongDong)",1200000,3,1,https://a0.muscache.com/im/pictures/f164280d-ef5c-4c46-b16d-6a8b5e4f3ae5.jpg?aki_policy=large,3,1,1,1
Hongdae Epicenter#2! Best Location! Great Value!,800000,3,2,https://a0.muscache.com/im/pictures/c95c3b33-de85-497a-803e-95f113cddb12.jpg?aki_policy=large,3,2,1,2
명동.남산이 보이는집.벚꽃룸(cherry)루프탑이용.hyojung house,1900000,3,1,https://a0.muscache.com/im/pictures/17b6b493-cc0a-4861-b9bf-41bd437451be.jpg?aki_policy=large,0,1,2,0
"(房?????) Lotte World &Lake View,잠실,석촌호수전망,?天世界/石村湖",750000,1,0,https://a0.muscache.com/im/pictures/8342c815-0e1f-4227-8dad-adc8880d8d35.jpg?aki_policy=large,2,2,1,0
♥(Sale)東大門 (Dong Dae Mun)10min walk/Dong myo 1 Min,1050000,3,3,https://a0.muscache.com/im/pictures/5f5e9ee2-3580-42ae-957b-783f90fe607c.jpg?aki_policy=large,4,2,1,1
OPEN SALE!Huge Family House/Upto 28/FREE Breakfast,1600000,5,1,https://a0.muscache.com/im/pictures/80c32445-e17b-4eaa-8c28-78ef41124783.jpg?aki_policy=large,5,5,2,1
[Best] Healing room_seoul stn. 5min#뷰맛집#꿀갬성#No.1,100000,1,2,https://a0.muscache.com/im/pictures/47aa0890-123a-447b-b62e-ad37ab5aa6bd.jpg?aki_policy=large,3,1,1,0
"Seoul Mapo, HanRiver and City View.",1050000,4,1,https://a0.muscache.com/im/pictures/c53c6823-7a3d-47db-bb45-8e098ea083ff.jpg?aki_policy=large,1,4,1,0
Lovely house 5min Hongik stn-1BR+1Dining room,650000,2,1,https://a0.muscache.com/im/pictures/21dd99ae-e596-41df-a3de-96d4696fb73f.jpg?aki_policy=large,4,2,1,2
[City view3]Hongdae cozy room/Hongik univ stn.1min,1000000,3,2,https://a0.muscache.com/im/pictures/9e315171-b69c-4b08-81bd-8b9a58097b15.jpg?aki_policy=large,1,2,2,2
Modern Cozy House-2min Hongik Station,1500000,1,3,https://a0.muscache.com/im/pictures/dadd970a-1e2f-4af9-8bb5-ef32246606c7.jpg?aki_policy=large,2,2,2,0
두집살이: 경리단길 우리집,300000,4,2,https://a0.muscache.com/im/pictures/3bc23ec6-00b8-4601-a3a8-c4ac21c5e5de.jpg?aki_policy=large,1,3,2,2
Private Double bed room 3 J house,650000,1,2,https://a0.muscache.com/im/pictures/494b3f7e-07f1-42fc-a2eb-35fef4a8c82d.jpg?aki_policy=large,5,1,2,2
[SALE] 홍대미대생의 방 Artist house5,800000,1,0,https://a0.muscache.com/im/pictures/8b28a108-152d-4de5-9817-81ca0a7db138.jpg?aki_policy=large,2,3,1,0
홍대입구역2번출구3분!3룸!,1900000,4,3,https://a0.muscache.com/im/pictures/2dbbe432-de0f-4975-a294-f4406d62d62a.jpg?aki_policy=large,2,4,1,1
"Hongdea stn.3min 3Room,2Bath,Balcony,Roof top,bbq.",1300000,2,3,https://a0.muscache.com/im/pictures/9323941b-46a1-4e13-9a72-913890a8e6e4.jpg?aki_policy=large,2,6,1,1
★여성전용 1인실★Helloworld House★역에서 10분 거리,1900000,2,2,https://a0.muscache.com/im/pictures/aaf31ebd-3803-467c-8bab-999975893832.jpg?aki_policy=large,0,1,1,0
Hello Cozy Room Hong ik station exit 6. walk2min,1300000,5,2,https://a0.muscache.com/im/pictures/8bc13077-bb1e-4042-9841-35e692d25ad4.jpg?aki_policy=large,1,2,1,1
Moonhouse #202 *Near HongIk Univ.*,1900000,5,2,https://a0.muscache.com/im/pictures/aa39a37f-d6fc-4223-88a1-875195d776f0.jpg?aki_policy=large,4,1,2,2
"GK's 1C5H Premium, Nice View, 5sec Gangnam Stn. #1",1850000,2,3,https://a0.muscache.com/im/pictures/8ff8d4b1-f1c0-4186-9d05-1a68abbe6320.jpg?aki_policy=large,0,1,1,2
"[Hongdae/Sinchon] Private room 2_홍대,신촌5분_경의선책거리30초",1100000,6,2,https://a0.muscache.com/im/pictures/79db9d9d-b1b7-4629-bf04-c956764eb896.jpg?aki_policy=large,0,1,1,0
Designer's home/3RWhole house/3min_itaewon station,1150000,6,2,https://a0.muscache.com/im/pictures/2ed7bd02-e75d-4995-ac65-8318088cea0f.jpg?aki_policy=large,2,3,2,1
Oma house in Gangnam,1000000,1,3,https://a0.muscache.com/im/pictures/108820882/38dfa4cd_original.jpg?aki_policy=large,5,1,2,1
서울에 오시나요? 여기서 보내는건 어때요? [ 1 min - SNU Staion! ],1250000,4,1,https://a0.muscache.com/im/pictures/68c3690b-bb45-4e33-bb2d-ee3021a84fb4.jpg?aki_policy=large,5,1,2,1
[스너그하우스] Snug House in Itaewon 3min 이태원역 앤틱거리,1750000,5,1,https://a0.muscache.com/im/pictures/fe78a3cd-85a8-4695-87f6-389cbe2fb770.jpg?aki_policy=large,1,2,1,0
MangoMangoChaChaCha_01,350000,6,2,https://a0.muscache.com/im/pictures/e780e65c-1b66-4ccd-88ce-0cb5b054d157.jpg?aki_policy=large,2,2,2,0
"152Near Itaewon,MyungDong,Hongdae Seoul[D'N'House]",1050000,2,0,https://a0.muscache.com/im/pictures/28b200dd-e0af-4977-8eef-8524245394bb.jpg?aki_policy=large,3,2,2,0
[Whole House] Petit-Bear Palace,1450000,6,2,https://a0.muscache.com/im/pictures/565a77be-ba0b-4ffd-9d28-780c8c385bc3.jpg?aki_policy=large,1,1,2,1
8#기분좋은 집#살고싶은집#주차가능#용산역근처#시티뷰# 집 전체 #쾌적한숙소#55인치TV.,1900000,6,1,https://a0.muscache.com/im/pictures/1b56e232-57dd-428a-b30a-0ccf9e2f7cde.jpg?aki_policy=large,0,1,1,1
4Room(6Beds)/1min from Dongdaemun(DDP) Metro.,1250000,6,2,https://a0.muscache.com/im/pictures/f6ce5273-821d-481e-a07d-993c82944345.jpg?aki_policy=large,3,6,2,1
'Be Awesome Today !',1000000,5,2,https://a0.muscache.com/im/pictures/ff57b696-301d-4f50-b39b-db1b33e90b83.jpg?aki_policy=large,1,2,1,1
MJ Stay 1st in Myeongdong (#4),1950000,6,3,https://a0.muscache.com/im/pictures/cb2fb16e-ff39-442b-87a8-8071bfc2b3e6.jpg?aki_policy=large,5,1,1,0
[RiverView] MOONRIVER 2 - BEST ROOFTOP in Seoul,900000,4,3,https://a0.muscache.com/im/pictures/05df7328-da04-4f91-88aa-9291f0d9ff6d.jpg?aki_policy=large,2,2,2,1
Bomun station. Full equiped house,1200000,4,3,https://a0.muscache.com/im/pictures/20abefea-f06a-44a3-ba22-7ea6d2c4aecd.jpg?aki_policy=large,4,3,2,0
?裳/弘大/地?站2??/打???/全新智能型loft公寓/屋?花?/local??/交通便利,1550000,5,0,https://a0.muscache.com/im/pictures/46df757d-01f7-4ed6-88b6-8a02ba529137.jpg?aki_policy=large,4,1,1,1
"연우당 , private studio n terrace with killing view",100000,2,0,https://a0.muscache.com/im/pictures/4c18e1fd-ba35-427d-89b2-9f4bb6f1a6b7.jpg?aki_policy=large,1,1,2,0
#3 Connceted to Mapo Stn./HAN River View/Hongdae,450000,3,1,https://a0.muscache.com/im/pictures/6acd07ec-f842-49b4-b550-36bd94d3e5ea.jpg?aki_policy=large,4,2,1,1
Elle's Garden Party (앨스가든파티),1100000,6,1,https://a0.muscache.com/im/pictures/ed8992af-6df8-4eed-9cfc-057b4a2bcef5.jpg?aki_policy=large,2,7,2,1
FREE WIFI_2ROOMS_Planterior House 8_도보 7분,1150000,4,0,https://a0.muscache.com/im/pictures/a426a108-5b34-403f-84da-08001884ecb1.jpg?aki_policy=large,3,4,2,1
2★오즈의집★홍대입구3번출구 3분컷#연트롤파크30초컷#개인실#오픈세일+_+,1550000,1,2,https://a0.muscache.com/im/pictures/0a9d8183-af34-4a15-8fa9-d9b212ed02ef.jpg?aki_policy=large,2,2,1,1
HIGHAND_LOFT : 단독 루프탑 테라스,1600000,1,2,https://a0.muscache.com/im/pictures/ae773c17-6c76-41e3-8876-db8f95020ff8.jpg?aki_policy=large,0,1,2,1
"STUDIO, Gangnam #3 SUPER CLEAN OPEN SALE 집전체 大きな割引",1500000,2,3,https://a0.muscache.com/im/pictures/3c867f90-329f-42c0-8ee0-5ba8985f7571.jpg?aki_policy=large,5,1,2,2
"Entire Room, No Cleaning fee, Next to Market. #202",700000,5,0,https://a0.muscache.com/im/pictures/0841882b-edd3-45db-9bb5-d1da1d69bf6e.jpg?aki_policy=large,2,1,1,2
[CLEAN and SPACIOUS] 3min walk to Hongik Univ stn.,1200000,3,3,https://a0.muscache.com/im/pictures/861c2e6a-50fb-4cea-83a7-f339551d2eae.jpg?aki_policy=large,5,3,1,2
[Hongdae/Sinchon] Double room w/ private bathroom,100000,3,3,https://a0.muscache.com/im/pictures/34a6011e-2a33-42b5-9384-7fb404685389.jpg?aki_policy=large,3,1,1,0
[OPEN] IN GangNam(3min walk to Nonhyeon station),1050000,6,2,https://a0.muscache.com/im/pictures/91f8652c-b731-44d0-af32-729422bd983e.jpg?aki_policy=large,0,1,2,1
[Fantastic & Cozy house]New Open!! Private room.,1950000,5,1,https://a0.muscache.com/im/pictures/9484e0f3-97a6-46fd-be4b-74c34eea17e8.jpg?aki_policy=large,5,1,2,0
"서울 럭키 게스트하우스, 서촌 중심 위치, 온돌방+개인화장실 #2",650000,4,1,https://a0.muscache.com/im/pictures/64e50915-befc-4571-a7b3-6dc6eba548f4.jpg?aki_policy=large,4,1,2,0
"GK's #D5O SPACIOUS, COZY 1 min. to Gangnam STN #1",1450000,2,3,https://a0.muscache.com/im/pictures/a8e5a51b-bb25-4bc6-b8e2-5a128d38e918.jpg?aki_policy=large,1,2,1,0
"[Capsule Hotel#1] The Stay Simple, Central Gangnam",900000,3,3,https://a0.muscache.com/im/pictures/8e399453-7d55-4253-9b8d-8daa22aebcd0.jpg?aki_policy=large,0,5,2,2
롱램서울 ?????? ??? : 경리단길,1100000,6,3,https://a0.muscache.com/im/pictures/bc818ad1-391d-441d-8e04-432e41aeb994.jpg?aki_policy=large,1,1,2,1
Roommate T,900000,3,3,https://a0.muscache.com/im/pictures/68ad8a5e-be99-4417-b4be-70c29d4f69e0.jpg?aki_policy=large,3,2,2,0
S4 서울역 2분거리 편안한 집,450000,5,1,https://a0.muscache.com/im/pictures/559f221c-9d6d-48bc-8981-42e5fb236a9a.jpg?aki_policy=large,0,2,2,2
"Welcome to J home ( Dongdaemun, Myeongdong )",450000,4,0,https://a0.muscache.com/im/pictures/b4465d90-5ad3-4a64-9972-5e1d151a0570.jpg?aki_policy=large,3,1,1,1
홍대입구역3번출구5분!3룸!연트럴 파크 인근!,1950000,2,3,https://a0.muscache.com/im/pictures/4f668b57-f133-4ac2-a116-09a89aaa6180.jpg?aki_policy=large,3,4,2,2
10★오즈의집★홍대입구3번출구 3분컷#연트롤파크30초컷#개인실#오픈세일+_+,1800000,2,2,https://a0.muscache.com/im/pictures/911fde34-191e-4a67-9185-150d8dbb9edb.jpg?aki_policy=large,0,1,1,2
Sale@Subway 10sec Building Hongdae Area Free Wi-Fi,1350000,1,3,https://a0.muscache.com/im/pictures/c2c3c5a5-ba51-45bc-97f8-20a2ba2ba7de.jpg?aki_policy=large,2,1,1,1
Seoul N Studio@Dongdaemun Designpark,1550000,4,0,https://a0.muscache.com/im/pictures/8d5a75ab-5271-402e-8a6e-a1f41f832200.jpg?aki_policy=large,3,1,2,0
[Woodi's Studio B] Myeong-Dong(house rent),1050000,2,1,https://a0.muscache.com/im/pictures/af28752e-07b3-4fa6-b3ca-8fdbaacdb7ec.jpg?aki_policy=large,5,3,1,0
"100년 넘은 전통한옥 바인하우스, 건넌방(1-2인)/개인화장실",750000,1,1,https://a0.muscache.com/im/pictures/70590559/86ef3713_original.jpg?aki_policy=large,5,2,1,0
콜마이홈 백 권의 집,150000,2,0,https://a0.muscache.com/im/pictures/f8d671c8-2dec-4454-b923-69c85a0936d6.jpg?aki_policy=large,1,1,1,1
Special Guest Room★5mins from Hongdae stn,1900000,5,0,https://a0.muscache.com/im/pictures/f001259c-3a68-4576-a717-446f6ecb2d1b.jpg?aki_policy=large,3,1,1,1
4#Jade House - Main street location,1750000,5,0,https://a0.muscache.com/im/pictures/c096042c-e31e-47f6-940d-c6803f6e34a2.jpg?aki_policy=large,1,1,2,1
"[new open] BARUNE 02 : Itaewon,Haebangchon",200000,6,3,https://a0.muscache.com/im/pictures/82f63792-32cb-4ed9-89d0-e063769699c2.jpg?aki_policy=large,4,1,2,0
Benny's Studio #2,300000,1,1,https://a0.muscache.com/im/pictures/a76ea916-3187-47f1-9c45-863e542a6b21.jpg?aki_policy=large,3,2,1,0
Nathalie's House #2,1400000,4,1,https://a0.muscache.com/im/pictures/5b14aa2c-eb0a-4679-91b9-56c0e95a5e6e.jpg?aki_policy=large,0,2,2,2
*OPEN SALE*/near Hongik Univ. and young spirit,1850000,5,3,https://a0.muscache.com/im/pictures/d296f95b-be49-48f7-8ef5-55cb5dd8e858.jpg?aki_policy=large,5,1,2,1
[Myeong dong] #005Jongno Nana'house,1850000,1,3,https://a0.muscache.com/im/pictures/595f488b-57d5-4dc9-8699-6916f4a1357d.jpg?aki_policy=large,0,3,2,0
Private House with Balcony /Yeonnam-dong,400000,2,2,https://a0.muscache.com/im/pictures/04cbeefb-6051-4cd0-817e-d7607a7febbc.jpg?aki_policy=large,2,2,2,2
Private Double bed room 2 J house,1800000,5,3,https://a0.muscache.com/im/pictures/e72a9f47-cad1-4c95-9f69-c45dd3af979d.jpg?aki_policy=large,3,1,1,2
[#3 Hongdae modern DUAL STAGE house ],350000,4,3,https://a0.muscache.com/im/pictures/0c1571f7-1301-43a4-ad43-3c4191f9ef4f.jpg?aki_policy=large,4,3,2,0
빙고호스텔 홍대점 - PRIVATE ROOFTOP,1500000,5,2,https://a0.muscache.com/im/pictures/d3b18393-0e25-40a5-b454-56d3e511a5dd.jpg?aki_policy=large,1,6,1,2
[BHAUS#1] Seoul design in Hongdae stn. Arex 3min!!,150000,4,1,https://a0.muscache.com/im/pictures/ff313bcc-4190-47de-a8b0-7ddd56784041.jpg?aki_policy=large,2,2,2,1
Serene Stay @Private 2@Double bed,900000,2,3,https://a0.muscache.com/im/pictures/4fa5d235-9960-42e4-b238-9e1ba901edff.jpg?aki_policy=large,5,1,1,1
Sinchon/Hongdae - Private Single room A1,1400000,3,3,https://a0.muscache.com/im/pictures/63551f97-12b3-421e-808a-1948e3810016.jpg?aki_policy=large,4,1,1,0
Augusthill hanok(entire house)/ 8월의언덕 한옥(집 전체),550000,6,3,https://a0.muscache.com/im/pictures/40940901-111e-464e-987e-974e9ec86cb9.jpg?aki_policy=large,0,3,1,2
"[Greenery]실내 테라스! 도심 속 힐링:) 넓은숙소, 홍대, 연남동, 연트럴파크??",1700000,5,0,https://a0.muscache.com/im/pictures/5d57c277-50bc-4838-989b-b4678beb2d49.jpg?aki_policy=large,3,4,2,0
??/弘大/地?站2??/打???/全新智能型loft公寓/屋?花?/local??/交通便利,200000,5,0,https://a0.muscache.com/im/pictures/48c23ddd-8fe5-4b7b-ba59-7b3877349312.jpg?aki_policy=large,4,1,1,2
[Sinchon / Hongdae] Private Triple Room,200000,5,0,https://a0.muscache.com/im/pictures/7657db92-eaf2-4130-ba94-190262854158.jpg?aki_policy=large,4,2,2,2
MYEONG-DONG Studio #10,200000,1,2,https://a0.muscache.com/im/pictures/7e3f191c-b70e-4c11-94a5-5e22594ff819.jpg?aki_policy=large,2,2,2,0
"Sun,s house # 201-2",1550000,2,2,https://a0.muscache.com/im/pictures/97caa27f-2a3d-4a49-a7e9-51e8f1652d23.jpg?aki_policy=large,4,1,1,1
Private House/ Yeonnam-dong,1750000,2,2,https://a0.muscache.com/im/pictures/18f7cd76-d520-4cfb-87a2-d4767217db40.jpg?aki_policy=large,5,1,2,1
H3] NEAR HONGDAE 초고층뷰 최고급 레지던스 HIGH-END RESIDENCE,1500000,4,1,https://a0.muscache.com/im/pictures/bc6fdaf4-7726-4710-a57e-9bb4d628e4e4.jpg?aki_policy=large,3,1,1,0
#05 ? 3min Seoul Stn ? Free Gym | Free Breakfast,950000,2,1,https://a0.muscache.com/im/pictures/fc237f47-973a-47f4-bc5f-b0c7796273a6.jpg?aki_policy=large,1,1,2,1
Ricenz Tower Seoul(Summer Discount Sale),650000,5,3,https://a0.muscache.com/im/pictures/5ebaa6c5-c11e-4798-b8d1-638aed37a31f.jpg?aki_policy=large,4,3,2,1
